Model,Recall (Failure),Precision (Failure),F1 (Failure)
Dummy Baseline,0.0,0.0,0.0
Random Forest (class_weight),0.6730769230769231,0.8536585365853658,0.7526881720430108
XGBoost (SMOTE),0.6538461538461539,0.5573770491803278,0.6017699115044248
